category_external_id,komissiya_foizi
11,10
13,10
14,20
16,10
17,10
22,20
24,15
25,15
26,25
28,25
62,13
63,15
64,14
68,9.5
69,7.5
70,7.5
72,13
73,7.5
77,20
78,10
81,10
82,10
83,10
84,10
85,10
86,22
88,11.5
90,22
114,22
115,14.5
125,20
126,25
129,25
130,25
132,15
134,14
135,4
136,14
138,14
142,7.5
143,16
326,14
356,18.5
366,15
369,18.5
531,14.5
555,17
1892,18.5
1915,18.5
2477,14.5
2481,21
2570,18
2571,18
2572,19
2573,19
2574,19
2575,25
2576,30
2577,18.5
2578,20
2580,17
2581,17
2582,20
2583,17
2584,18
2585,17
2586,20
2587,17
2588,20
2592,23
2593,25
2594,23
2595,20
2597,17
2599,25
2600,25
2601,25
2603,25
2604,25
2605,25
2607,25
2608,30
2610,25
2611,22
2614,20
2615,25
2622,22
2625,25
2627,25
2628,25
2629,25
2631,27
2632,27
2633,18
2634,18.5
2635,18.5
2636,19
2637,25
2638,25
2639,25
2641,25
2642,25
2645,25
2650,32.5
2651,32.5
2653,30
2654,30
2656,35
2658,20
2659,20
2661,20
2662,18.5
2663,18.5
2664,25
2665,17
2667,20
2668,30
2669,20
2670,28.5
2672,19
2674,18
2676,20
2677,20
2678,20
2680,19.5
2681,19.5
2682,19.5
2683,19.5
2684,19.5
2685,20
2686,19.5
2687,20
2688,20
2689,18
2690,23
2691,24
2693,24
2694,20
2696,18.5
2702,28.5
2705,18.5
2706,25
2707,28.5
2709,18.5
2710,14
2711,19
2713,25
2714,25
2715,25
2716,25
2718,20
2723,20
2725,30
2726,30
2727,30
2728,30
2729,25
2730,27
2731,20
2732,20
2733,20
2734,20
2735,20
2736,20
2737,20
2738,20
2739,20
2740,20
2741,20
2742,20
2743,20
2744,20
2745,20
2746,20
2747,27
2748,30
2750,30
2751,22
2752,19.5
2753,19.5
2754,22
2755,19.5
2756,19.5
2757,19.5
2758,19.5
2759,19.5
2760,19.5
2761,19.5
2762,19.5
2763,19.5
2764,22
2765,19.5
2766,22
2767,22
2768,19.5
2769,19.5
2770,19.5
2771,19.5
2772,22
2774,21
2775,22
2776,21
2777,22
2778,21
2782,27
2787,19
2797,18
2799,20
2800,30
2802,30
2803,20
2804,20
2805,30
2806,20
2807,20
2809,20
2811,20
2817,20
2820,20
2823,15
2824,25
2825,25
2826,25
2827,25
2828,25
2829,25
2830,25
2831,25
2832,25
2833,25
2834,20
2837,25
2838,25
2839,25
2840,25
2841,25
2842,25
2844,25
2845,25
2846,25
2850,25
2851,25
2852,25
2853,25
2854,25
2855,25
2856,25
2857,25
2858,25
2859,25
2860,25
2861,25
2862,25
2863,25
2864,30
2865,20
2866,18.5
2867,30
2876,25
2877,25
2880,21
2881,22
2882,22
2883,22
2891,25
2892,10
2893,20
2897,15
2898,20
2899,17
10035,18
10046,18.5
10059,18.5
10098,30
10122,19.5
10128,14
10232,18
10283,22
10292,20
10309,19
10418,25
10445,18
10500,25
10584,20
10621,18
10663,25
10733,25
10736,20
10785,25
10797,25
10881,25
10912,20
11069,20
11140,18
11160,25
11209,25
11232,18
11256,22
11264,25
11365,20
11427,25
11434,20
11508,20
11516,21
11528,22
11530,18
11531,20
11533,25
11534,25
11536,20
11537,25
11538,17
11539,12
11540,24
11541,18
11542,10
11543,22
11544,17
11545,25
11546,19
11548,25
11549,25
11550,25
11552,30
11553,17
11554,30
11555,25
11556,18
11558,18
11559,21.5
11560,10
11561,15
11562,17
11563,18
11564,30
11565,20
11566,25
11567,25
11568,22
11569,25
11570,20
11571,20
11572,18
11573,25
11574,25
11575,22
11577,25
11578,20
11579,18
11580,30
11581,27
11582,20
11583,20
11584,20
11585,25
11586,20
11587,20
11588,19
11589,30
11593,18
11594,20
11595,12
11596,18
11597,30
11599,17
11601,12.5
11602,25
11603,20
11604,29
11605,5
11606,5
11607,30
11608,30
11609,22
11610,20
11611,25
11612,20
11614,22
11615,25
11616,20
11617,27
11618,22
11619,25
11620,30
11621,25
11622,20
11623,30
11624,20
11625,17
11627,22
11628,17
11629,25
11631,25
11632,22.5
11633,25
11634,25
11635,20
11636,22
11637,20
11638,30
11639,30
11640,25
11642,20
11645,10
11646,20
11647,18.5
11648,25
11649,27
11650,22
11651,20
11652,20
11653,10
11654,18
11655,25
11656,17.5
11657,20
11658,22
11659,25
11660,17
11661,9.5
11663,27
11664,17
11665,20
11666,17
11668,20
11669,20
11670,25
11671,20
11672,25
11673,20
11674,25
11675,18
11676,25
11677,25
11678,25
11679,18
11681,17.5
11682,20
11684,17
11685,15
11686,25
11687,19
11688,22
11690,24
11692,19
11693,20.5
11694,25
11695,25
11697,20
11699,22
11701,15
11702,25
11703,18
11705,20
11706,20
11708,20
11709,25
11711,19.5
11713,25
11714,25
11715,11
11716,25
11718,25
11719,30
11720,25
11721,22
11722,20
11723,25
11724,22.5
11725,18.5
11726,16
11727,17
11729,20
11730,30
11731,30
11732,25
11733,25
11734,25
11736,22.5
11738,17.5
11739,25
11743,22
11744,20
11745,25
11747,20
11749,20
11750,30
11751,25
11752,20
11753,24
11754,25
11755,20
11756,30
11757,30
11758,15
11759,17
11761,30
11762,25
11763,30
11764,22
11765,22
11766,17
11767,20
11768,15
11769,18.5
11770,25
11771,30
11772,18
11774,25
11776,25
11777,21.5
11778,22
11780,29
11781,20
11784,20
11786,20
11789,25
11790,30
11792,20
11795,20
11796,11
11797,18.5
11798,22
11799,17
11800,25
11802,17
11808,20
11809,18
11810,30
11811,20
11812,25
11813,27
11814,25
11816,18
11818,22
11819,18.5
11820,30
11821,20
11823,25
11824,20
11825,22
11826,25
11827,15
11828,20
11829,20
11830,22
11831,25
11832,22
11834,20
11835,22.5
11836,25
11837,22
11838,25
11839,22
11840,19
11841,27
11842,20
11843,30
11844,25
11845,10
11846,25
11847,20
11850,15
11851,25
11852,12
11853,19
11854,24.5
11855,22
11856,20
11858,20
11859,17
11860,14
11861,19
11862,15
11863,20
11864,20
11865,10
11869,20
11871,30
11872,18
11873,25
11875,25
11876,19
11877,20
11878,17.5
11879,25
11882,30
11883,20
11884,11
11885,20
11886,17
11887,20
11888,22
11889,25
11890,15
11891,25
11892,20
11893,20
11894,25
11895,25
11896,20
11897,20
11898,25
11899,25
11900,22
11901,20
11902,25
11904,21
11905,15
11906,17
11907,19
11908,25
11909,30
11910,10
11911,29
11912,20
11913,25
11914,22
11916,14
11917,10
11918,25
11919,20
11920,20
11921,22.5
11922,25
11924,22
11926,25
11927,25
11928,20
11929,25
11930,25
11931,25
11932,30
11935,25
11936,9.5
11937,20
11939,15
11940,20.5
11941,11
11942,25
11945,11
11946,30
11947,25
11948,30
11949,30
11950,18
11951,18
11952,25
11953,25
11954,22
11955,17
11956,25
11957,19
11958,20
11959,25
11960,23.5
11961,20
11962,25
11963,17
11964,20
11965,17
11966,25
11967,20
11968,14.5
11970,30
11971,30
11973,20
11974,18.5
11976,21.5
11977,20
11978,25
11980,25
11981,20
11982,25
11983,19.5
11985,20
11986,18
11987,21.5
11988,20
11989,25
11990,25
11991,20
11992,18
11993,25
11994,20
11997,25
11998,25
11999,20
12000,21
12001,20
12002,25
12003,20
12004,25
12005,11
12006,29
12007,16
12008,22
12010,27
12011,25
12012,25
12013,18
12014,25
12015,20
12017,20
12018,11
12019,20
12023,25
12024,25
12025,25
12026,25
12028,24
12029,18
12030,11
12031,15
12032,17
12033,25
12034,11
12035,20
12036,20
12037,18
12040,30
12041,17
12044,25
12045,30
12046,25
12047,20
12048,14
12049,30
12050,23
12051,25
12052,25
12055,20
12056,20
12057,25
12059,30
12060,25
12062,25
12063,17.5
12064,25
12067,15
12069,20
12070,17
12071,30
12072,18
12073,20
12074,25
12075,20
12076,25
12077,25
12078,27
12079,25
12080,18.5
12081,18.5
12082,25
12083,25
12085,22
12088,25
12089,19
12090,20
12091,12
12092,10
12093,25
12094,20
12096,22
12097,18.5
12099,22
12100,20
12101,18
12102,25
12103,18
12105,20
12107,30
12108,22
12109,30
12111,20
12112,19
12113,5
12114,23
12115,15
12116,20
12117,19
12118,30
12119,20
12124,20
12125,30
12126,21.5
12127,20
12129,17
12130,17
12131,18.5
12132,16
12133,20
12134,18.5
12135,20
12136,20
12137,15
12138,19.5
12139,25
12141,30
12142,22
12143,18.5
12144,17
12145,22
12147,25
12148,30
12149,30
12150,25
12151,9
12152,10
12154,25
12155,25
12156,30
12157,15
12158,10
12159,25
12161,25
12162,25
12163,20
12164,27
12165,17
12167,30
12169,11
12170,25
12171,30
12172,25
12174,14
12175,20
12176,25
12177,14.5
12178,27
12179,25
12181,30
12182,25
12184,20
12185,17
12186,11
12187,13
12189,22
12190,15
12191,16
12192,25
12194,10
12196,16
12197,10
12198,25
12199,25
12200,20
12201,17
12202,9.5
12203,25
12204,30
12205,20
12207,22
12208,25
12209,18
12210,30
12211,29
12215,15
12216,25
12217,18
12218,20.5
12219,25
12220,20
12221,25
12222,15
12223,25
12224,15
12225,25
12226,20
12227,9.5
12228,30
12230,27
12232,15
12233,10
12234,25
12235,20
12236,17
12237,25
12238,27
12239,20
12240,25
12241,20
12242,20
12243,30
12244,22
12245,30
12246,25
12247,24.5
12248,19
12249,5
12250,25
12251,22
12253,20
12254,30
12255,20
12256,30
12257,27
12258,17.5
12259,20
12261,15
12262,20
12263,20
12264,9.5
12266,21.5
12267,22
12268,30
12269,19.5
12270,5
12271,20
12272,25
12273,25
12274,18.5
12275,22
12276,20
12277,25
12278,17
12279,25
12280,30
12281,25
12282,25
12283,19
12284,25
12285,30
12286,22
12287,30
12288,11
12289,22
12290,25
12292,25
12293,20
12295,18.5
12296,20
12297,30
12298,20
12299,20
12300,17
12301,25
12302,30
12303,22
12304,25
12307,20
12308,18.5
12309,22
12310,25
12312,20
12313,17.5
12314,30
12315,27
12316,20
12317,22
12318,20
12319,25
12320,30
12321,25
12322,21.5
12323,25
12324,5
12325,17.5
12326,22
12327,5
12328,30
12329,22
12330,19
12331,20
12332,17
12335,18
12336,17
12337,30
12338,25
12339,20
12340,27
12341,18.5
12343,22
12344,18
12345,20
12347,16
12348,11
12349,30
12350,17.5
12351,30
12352,22
12353,17
12354,25
12355,21.5
12356,20
12357,22
12358,25
12359,18
12360,30
12361,18
12362,30
12363,22
12364,25
12365,15
12367,18
12368,25
12369,30
12370,30
12371,20
12372,30
12373,25
12375,17.5
12376,20
12377,22
12378,30
12379,25
12380,20
12381,30
12383,18
12384,25
12385,25
12388,10
12389,20
12390,20
12391,30
12392,25
12393,19.5
12394,27
12395,17
12396,20
12397,20
12398,17
12402,20
12403,25
12404,25
12405,18.5
12406,20
12407,25
12408,11
12409,18.5
12410,20
12412,22
12414,25
12415,10
12416,25
12417,21.5
12418,5
12419,15
12420,15
12421,20
12422,27
12423,17
12425,25
12426,17
12427,20
12428,25
12429,17
12430,20
12433,22
12434,25
12435,21
12436,25
12438,19
12439,18
12441,25
12442,30
12443,11
12444,25
12445,25
12446,11
12447,25
12449,24
12450,20
12451,25
12452,21.5
12453,21
12456,25
12457,20
12458,16
12459,25
12461,25
12462,18
12464,30
12465,12
12466,17
12468,19
12469,19
12470,20
12471,12
12472,18
12473,25
12475,20
12476,25
12477,17
12478,27
12479,20
12480,22
12481,22
12482,25
12483,22
12484,22.5
12485,25
12486,22
12487,17
12488,22
12489,19
12490,19
12491,25
12492,22
12493,25
12494,30
12495,20
12496,19.5
12497,18
12498,17
12499,19
12500,30
12503,25
12504,12
12505,30
12506,20
12508,22
12509,19
12510,24
12512,30
12513,20
12514,30
12515,25
12516,22
12519,20
12520,5
12521,17
12522,25
12524,25
12525,10
12526,20
12527,11
12529,30
12530,25
12531,22
12533,22
12534,30
12536,17
12537,17
12538,15
12539,25
12540,18
12541,18.5
12542,20
12543,20
12544,20
12545,27
12546,17
12547,17
12548,25
12549,17.5
12551,29
12552,20
12553,25
12554,25
12555,17
12556,25
12558,18
12559,22
12560,17.5
12561,20
12562,17
12564,25
12566,25
12567,25
12568,22
12569,25
12570,18
12572,20
12573,17
12574,22
12575,20
12576,25
12577,30
12578,25
12579,25
12580,17.5
12581,9.5
12582,20
12583,30
12584,25
12585,15
12587,17
12588,25
12589,20
12590,29
12591,18
12592,20
12593,18.5
12594,18
12595,30
12596,15
12597,22
12598,25
12601,8
12602,30
12603,30
12604,30
12605,20
12606,20
12607,25
12608,15
12610,20
12611,25
12612,25
12613,9.5
12614,30
12615,28
12616,17.5
12617,15
12618,30
12619,22.5
12620,25
12621,17
12622,30
12623,23
12624,25
12626,18
12627,25
12628,17
12630,30
12631,25
12632,20
12633,25
12634,15
12635,20
12636,17.5
12637,20
12638,22
12639,9
12640,22
12641,27
12642,17
12644,20
12645,22
12646,25
12647,25
12648,19
12650,15
12653,22
12655,18
12656,25
12657,25
12658,25
12660,27
12662,30
12663,13
12664,30
12665,30
12667,25
12668,9.5
12669,27
12670,17.5
12671,30
12673,10
12674,22
12675,22
12676,19.5
12677,20
12678,19
12679,17
12681,30
12682,19
12684,10
12685,24
12686,20
12687,20
12689,20
12691,10
12693,10
12694,30
12696,7
12697,25
12698,25
12699,25
12700,20
12702,18
12705,17
12706,22
12707,22
12710,30
12712,25
12713,22
12714,19
12717,23.5
12718,22
12720,25
12721,20
12722,22
12724,19
12725,25
12726,30
12727,30
12728,22
12729,20
12730,30
12731,27
12732,19.5
12733,25
12735,10
12736,17
12737,11
12739,17
12740,19
12741,20
12743,30
12744,22
12747,25
12749,30
12750,22
12751,30
12752,25
12753,25
12754,25
12755,30
12756,9
12759,22
12760,12
12761,17.5
12762,20
12763,19
12764,30
12766,8
12767,30
12768,25
12769,30
12771,25
12772,30
12773,30
12774,25
12775,25
12781,30
12782,21.5
12784,15
12786,22
12787,24
12788,22
12789,30
12790,15
12791,15
12792,18
12793,30
12794,25
12797,25
12798,21
12799,25
12800,13
12801,19
12802,20
12804,21.5
12805,15
12808,20
12809,30
12810,27.5
12811,27
12813,25
12814,22
12816,25
12819,30
12820,20
12825,25
12826,10
12827,20
12829,20
12830,25
12831,30
12834,25
12835,20
12837,18
12838,20
12839,17
12840,20
12841,25
12843,25
12844,25
12846,22
12847,25
12848,22.5
12849,20
12850,25
12851,20
12852,20
12853,20
12855,20
12857,12
12859,22
12860,20
12861,20
12862,20
12863,25
12864,30
12865,25
12866,24
12867,14
12868,5
12869,20
12870,18.5
12871,10
12872,20
12873,17
12874,25
12875,22
12877,10
12878,20
12879,10.5
12882,19
12883,19.5
12884,25
12885,25
12887,25
12888,18
12890,25
12891,11
12893,30
12894,12
12895,23
12896,18
12897,24
12898,17
12901,25
12902,27
12903,18
12904,11.5
12905,25
12906,18
12907,25
12908,22
12909,25
12910,25
12911,17
12912,20
12913,10
12914,27
12917,28
12918,19.5
12919,20
12920,20
12922,20
12923,30
12924,17
12925,25
12926,17
12927,11
12928,30
12929,20
12930,22
12931,20
12932,17
12933,18
12936,25
12938,20
12940,20
12941,22
12942,20
12943,30
12944,25
12946,30
12948,30
12950,25
12951,12
12952,28
12953,25
12954,18.5
12956,22
12958,30
12959,25
12960,20
12961,22
12963,20
12964,30
12965,23.5
12966,20
12967,22
12968,18
12969,20
12971,25
12974,30
12975,27
12976,20
12977,5
12978,30
12979,20
12980,20
12981,20
12982,20
12983,10
12984,30
12985,19
12986,13.5
12987,25
12989,10
12990,20
12991,25
12992,25
12993,22
12994,22
12995,3
12996,18.5
12997,20
12998,25
13000,20
13001,18.5
13003,20
13004,29
13005,25
13006,20
13007,20
13009,29
13010,20
13012,9.5
13013,21
13014,30
13015,28
13016,18
13018,20
13019,10
13020,23
13021,24
13023,20
13024,20
13026,25
13027,25
13028,22
13029,25
13030,30
13031,17.5
13032,29
13034,22
13035,30
13037,20
13038,19.5
13039,15
13040,25
13041,25
13042,25
13043,15
13044,20
13046,20
13047,20
13048,10
13049,17
13051,20
13052,30
13053,20
13054,20
13055,20
13056,25
13058,25
13059,18.5
13060,18
13061,25
13062,25
13063,20
13064,17
13065,30
13066,25
13067,15
13068,25
13069,25
13070,29.5
13072,30
13074,8
13075,19
13076,25
13078,18
13079,30
13080,17
13081,11
13082,30
13083,15
13084,17
13085,30
13086,18
13087,25
13088,25
13089,19
13090,25
13092,19.5
13093,30
13094,25
13095,25
13096,19
13097,20
13098,25
13099,25
13100,30
13101,20
13103,25
13104,25
13105,20
13106,25
13108,18
13110,19.5
13112,15
13113,22
13114,17
13115,20
13116,19.5
13121,20
13123,30
13124,18
13125,20
13126,18
13127,18.5
13128,22
13129,30
13130,15
13131,20
13132,25
13133,6
13136,25
13137,20
13138,22
13139,19
13140,12
13141,17
13142,20
13143,25
13144,17
13145,19
13146,30
13147,18
13148,22
13149,25
13150,25
13151,30
13152,22
13153,15
13154,3
13155,19
13156,21.5
13157,25
13159,30
13161,20
13162,24
13163,24
13164,25
13165,30
13167,15
13168,20
13170,25
13171,25
13172,25
13173,20
13174,20
13175,20
13176,18.5
13177,19
13178,19.5
13179,25
13180,22
13181,18
13183,10
13184,25
13185,17.5
13186,17
13187,25
13188,25
13189,25
13190,22
13191,19
13192,23
13194,15
13195,20
13196,25
13198,10
13199,25
13200,20
13201,22.5
13202,16
13203,18.5
13204,25
13205,25
13206,17.5
13207,22
13209,25
13210,10
13211,3
13212,15
13213,25
13214,20
13215,22
13217,15
13218,17
13219,17
13221,5
13222,5
13223,30
13224,20
13225,24
13226,20
13227,25
13228,25
13229,11.5
13231,19.5
13232,18
13233,18
13234,27
13235,20
13236,5
13237,22
13238,5
13239,25
13240,19
13241,20
13242,18
13243,20
13244,11.5
13246,21
13247,15
13248,10
13249,17
13251,19
13252,17
13253,25
13254,25
13255,25
13256,16
13257,25
13258,30
13259,5
13260,20
13261,20
13263,20
13265,12
13266,20
13268,30
13269,18.5
13270,17
13271,25
13272,17
13273,25
13274,30
13276,17
13277,30
13278,20
13279,17
13281,18
13282,15
13283,18
13284,27
13285,17
13286,17.5
13287,20
13288,20
13289,25
13290,18
13291,20
13292,17.5
13293,17
13294,13
13295,17
13296,25
13297,25
13298,24
13299,20
13300,20
13302,25
13303,20
13304,25
13305,30
13306,25
13307,20
13308,18
13309,25
13310,30
13311,18
13312,25
13313,17.5
13314,10
13315,25
13321,14
13324,25
13325,30
13326,17
13328,30
13329,10
13331,25
13333,30
13334,30
13336,20
13337,15
13338,22
13340,30
13342,25
13343,30
13344,19
13345,30
13346,25
13347,18
13348,30
13349,20
13350,30
13351,18
13352,25
13353,19
13354,18
13356,15
13358,22
13359,21
13360,17.5
13361,12
13362,30
13366,22
13367,22
13368,18
13369,30
13370,21.5
13371,22
13372,25
13373,22
13374,18
13375,25
13376,30
13378,15
13379,18.5
13381,17
13382,25
13383,30
13384,25
13385,20
13386,20
13388,30
13389,25
13393,27
13394,18
13395,25
13396,22
13397,30
13398,18
13399,20
13400,25
13401,10
13402,11
13403,25
13404,25
13405,18
13406,25
13407,30
13408,30
13411,25
13413,22
13414,30
13415,25
13416,25
13419,23
13420,25
13421,20
13423,25
13425,9
13426,8
13427,22
13428,17
13430,14
13432,25
13433,25
13434,27
13438,20
13439,25
13440,20
13441,25
13442,17
13443,22.5
13445,25
13446,25
13447,25
13448,18
13450,25
13451,10
13452,12
13453,25
13454,11
13455,21.5
13456,17
13458,20
13459,25
13460,15
13461,21.5
13462,25
13467,20
13469,22
13470,25
13471,30
13472,28.5
13474,20
13475,25
13476,20
13477,18.5
13478,20
13480,20
13481,17.5
13482,20
13483,25
13485,25
13486,30
13488,10
13489,11
13490,20
13491,18
13492,15
13493,25
13494,20
13495,17
13496,20
13497,22
13500,30
13501,25
13502,17
13503,24
13504,25
13505,22
13506,20
13507,25
13508,15
13509,30
13510,10
13511,25
13512,11
13513,20
13514,22
13515,25
13518,25
13519,25
13520,10
13521,20
13526,10
13527,30
13528,30
13529,25
13530,17
13531,25
13532,25
13533,22
13535,19
13536,9.5
13537,10
13538,25
13539,20
13540,25
13541,18
13542,19
13543,24
13544,19
13545,27
13546,30
13547,20
13548,22
13549,15
13550,9.5
13551,20
13553,25
13554,25
13555,25
13557,10
13558,22
13559,14
13560,17.5
13561,15
13562,15
13563,17
13564,25
13565,18.5
13568,27
13569,25
13570,25
13571,25
13572,25
13573,30
13574,18
13575,30
13576,18
13577,25
13579,30
13580,10
13581,22
13582,17
13584,20
13585,25
13586,20
13587,25
13588,22
13589,25
13590,20
13591,25
13592,25
13593,19
13594,25
13595,18
13597,14
13598,29
13599,25
13600,25
13601,18
13602,20
13603,18.5
13604,23.5
13605,25
13608,25
13609,20
13612,18
13613,25
13614,25
13615,30
13616,25
13617,28
13618,20
13619,30
13621,20
13623,22
13626,28
13627,10
13628,30
13629,22
13631,30
13632,25
13633,30
13634,20
13637,30
13638,22
13639,17.5
13640,30
13641,19
13642,25
13646,20
13647,22
13648,25
13649,25
13650,17.5
13651,19.5
13655,20
13656,18
13657,18
13658,20
13659,18
13660,20
13661,22
13663,20
13664,11
13666,24
13667,20
13668,20
13669,20
13672,19
13673,30
13674,25
13675,18.5
13676,25
13677,12
13679,25
13680,15
13681,20
13682,20
13684,25
13685,20
13686,17
13687,25
13688,21
13690,25
13692,16
13694,17
13695,20
13697,25
13698,16
13699,30
13700,25
13702,18.5
13703,17
13705,20
13706,18
13707,27
13708,19
13709,13.5
13710,18
13712,20
13714,25
13715,15
13716,25
13717,20.5
13718,25
13719,14
13720,29
13721,20
13722,15
13723,20
13724,20
13725,21.5
13727,22
13728,18.5
13729,30
13730,20
13731,17
13732,20
13734,17
13735,25
13737,18
13738,18
13739,20
13741,25
13742,20
13743,20
13744,25
13745,20
13747,12
13748,20
13749,22
13750,22
13751,20
13752,30
13753,18
13754,25
13755,27
13756,18.5
13757,18
13758,20
13760,25
13761,20
13762,20
13766,30
13768,15
13769,10
13770,25
13771,25
13772,12
13773,20
13775,25
13776,25
13779,6
13781,20
13782,17
13783,17.5
13786,25
13787,22
13788,30
13789,25
13790,29
13791,25
13792,25
13793,18
13794,21.5
13795,25
13796,25
13798,20
13799,22
13800,10
13801,25
13802,10
13803,25
13804,25
13805,30
13806,18
13808,19
13809,18
13810,25
13811,10
13812,19
13813,20
13814,15
13815,9.5
13816,18.5
13818,30
13820,15
13821,20
13822,25
13823,25
13824,17.5
13825,9.5
13826,18.5
13827,25
13828,15
13829,20
13830,20
13831,25
13835,27
13836,25
13837,15
13838,25
13841,30
13842,22
13843,10
13844,15
13847,25
13848,18
13850,20
13851,20
13853,30
13854,20
13855,20
13856,21
13857,20
13858,16
13860,25
13861,18.5
13862,12
13863,24
13864,20
13865,25
13867,25
13868,17
13869,20
13870,25
13871,30
13872,17.5
13873,25
13877,16
13878,29
13879,15
13880,20
13881,17
13883,23
13884,25
13886,25
13887,25
13888,20
13889,25
13890,20
13891,22.5
13892,18.5
13893,30
13894,20
13895,21.5
13896,30
13897,10
13898,25
13899,25
13900,20
13901,25
13902,20
13903,25
13904,25
13905,25
13906,30
13907,20
13908,22
13909,22
13910,25
13912,5
13913,30
13914,25
13915,18
13916,20
13917,20
13918,22
13919,22
13920,16
13921,30
13922,25
13923,20
13925,5
13926,30
13927,25
13928,30
13929,22
13930,11
13931,12
13932,25
13933,25
13934,22
13935,20
13936,20
13938,28
13939,15
13940,20
13941,24
13942,5
13945,20
13946,25
13947,30
13948,30
13950,25
13951,18.5
13952,18.5
13953,20
13954,27
13955,20
13958,11
13959,20
13960,25
13961,22
13962,15
13963,27
13964,10
13965,12.5
13967,17.5
13968,25
13969,22
13970,10
13972,15
13974,25
13976,30
13977,25
13978,30
13980,25
13981,20
13983,20
13984,20
13985,9.5
13986,25
13987,21
13988,20
13989,18
13990,18.5
13991,21.5
13992,12
13993,18
13994,22
13995,24
13997,30
13999,25
14000,10
14001,22
14003,27
14004,25
14005,10
14006,17
14007,30
14008,25
14009,16
14010,11
14011,25
14012,17
14013,20
14014,25
14015,15
14017,18
14018,25
14019,25
14020,25
14021,9.5
14022,22
14023,30
14024,30
14025,15
14026,14
14027,20
14028,17.5
14029,11
14030,25
14031,25
14032,27
14033,25
14034,30
14035,18
14036,25
14037,25
14038,25
14040,20
14041,25
14042,19
14043,20
14044,18.5
14046,20
14047,20
14048,30
14050,25
14051,17
14052,30
14053,25
14054,25
14055,17
14056,20
14058,30
14059,22
14061,25
14062,18.5
14064,25
14065,30
14066,30
14067,22
14068,19
14069,22
14071,18
14072,18.5
14073,18
14074,15
14075,17
14077,20
14078,25
14079,17.5
14080,25
14081,17
14082,25
14083,18
14084,18
14085,21.5
14086,20
14088,25
14089,20
14090,30
14092,25
14093,30
14094,22
14095,20
14096,17.5
14098,21.5
14099,25
14100,25
14101,20
14102,17
14103,25
14104,17
14105,18.5
14106,15
14107,10
14108,30
14110,20
14111,25
14112,20
14113,19
14114,25
14115,14
14117,30
14118,18
14119,20
14120,25
14121,15
14122,9.5
14123,17
14124,23.5
14125,13.5
14126,25
14127,15
14130,18
14131,20
14132,20
14133,30
14134,25
14135,25
14136,30
14137,19
14138,22
14140,25
14141,25
14142,25
14143,22
14144,20
14145,25
14146,10
14147,20
14148,21.5
14149,25
14150,17
14152,11
14154,20
14156,25
14157,16
14158,20
14159,16
14161,25
14162,11
14164,11
14165,25
14166,21.5
14167,30
14168,25
14169,20
14170,24
14171,25
14172,25
14173,17
14174,18
14176,20
14177,25
14178,25
14180,14.5
14181,17
14183,11.5
14185,22
14186,25
14187,17
14188,18
14189,10
14190,22
14191,25
14194,25
14195,30
14196,25
14197,20
14198,16
14199,20
14200,20
14202,30
14204,18
14205,30
14206,20
14207,20
14208,20
14210,14
14211,17
14215,22
14216,25
14217,16
14219,18.5
14220,22.5
14221,20
14222,15
14224,17
14225,28
14226,25
14227,25
14228,25
14230,18.5
14232,12
14233,25
14234,18
14235,30
14236,17
14237,20
14238,25
14239,25
14240,14.5
14241,30
14242,25
14243,22
14244,17
14245,25
14246,25
14248,20
14249,19.5
14250,19
14251,18
14253,25
14254,20
14255,25
14256,19
14257,19
14258,25
14259,20
14260,18
14261,30
14262,17
14263,19
14264,20
14265,15
14266,18
14267,18
14268,22
14269,30
14270,21.5
14271,20
14273,10
14275,22
14276,30
14277,30
14278,25
14280,25
14281,30
14282,25
14283,14
14286,18
14287,7.5
14288,7.5
14289,7.5
14290,12
14291,15
14292,18.5
14294,11.5
14295,14
14296,16
14297,14
14298,14
14299,16
14300,16
14301,16
14302,16
14303,21
14304,16
14305,14
14307,13.5
14310,18.5
14311,18.5
14312,18.5
14313,18.5
14314,18.5
14316,18.5
14317,14.5
14318,15
14319,15
14320,14.5
14321,14.5
14322,14
14323,14
14324,14
14325,14
14327,18.5
14328,14.5
14329,14.5
14330,14.5
14331,14.5
14333,15
14334,15
14335,13
14336,15
14337,13
14338,15
14341,14.5
14342,14
14343,14
14344,18.5
14345,14
14346,14
14347,11.5
14348,18.5
14349,21
14352,18.5
14353,14
14354,19
14355,18.5
14357,21
14359,18
14360,18
14361,18
14362,20
14363,7.5
14364,20
14365,25
14366,25
14367,30
14368,22
14370,20
14373,7
14374,15
14380,30
14382,25
14386,18
14388,21
14389,21
14390,19
14391,19
14395,19
14396,19
14397,19
14399,18.5
14432,19
14433,20
14434,20
14467,10
14500,30
14501,30
14502,30
14503,30
14504,20
14537,25
14538,30
14539,15
14540,15
14542,10
14543,30
14544,25
14546,25
14547,30
14548,30
14549,30
14550,30
14551,25
14552,25
14554,17
14556,10
14558,20
14559,20
14560,22
14561,15
14562,15
14563,20
14564,20
14565,25
14567,18
14568,15
14574,15
14575,22
14576,20
14577,22
14578,20
14579,20
14580,20
14581,22
14586,30
14588,30
14589,30
14590,18
14592,20
14593,20
14594,20
14595,20
14596,19
14603,20
14604,30
14605,30
14606,30
14607,25
14608,30
14609,25
14610,30
14611,30
14612,30
14613,30
14614,30
14615,30
14617,20
14618,8
14619,10
14620,10
14621,8
14622,10
14623,8
14624,18
14625,18
14626,20
14628,20
14629,18
14630,25
14631,25
14632,18
14633,18
14634,18
14635,15
14636,15
14637,18
14639,18
14640,18
14641,18
14642,20
14643,18
14644,18
14645,18
14646,18
14647,14
14648,25
14649,15
14650,13
14651,18.5
14652,18
14653,16
14654,16
14655,10
14656,17
14657,18
14658,25
14662,25
14664,25
14665,25
14666,22
14670,25
14671,11
14673,27
14674,27
14675,27
14676,11
14678,20
14681,20
14682,15
14683,20
14684,20
14685,25
14686,25
14687,25
14688,25
14689,25
14690,20
14691,25
14692,25
14694,22
14695,22
14696,20
14697,20
14700,25
14702,20
14703,20
14706,25
14707,25
14708,25
14709,25
14710,25
14711,30
14712,25
14713,15
14714,15
14715,15
14720,10
14721,10
14722,10
14724,10
14725,10
14726,19
14727,25
14728,25
14729,25
14730,25
14731,25
14732,25
14734,20
14735,14.5
14736,14.5
14737,14.5
14738,14.5
14743,11
14744,11
14745,20
14746,11
14748,11
14749,11
14751,11
14785,11
14786,20
14787,11
14789,16
14791,11
14792,11
14793,11
14794,20
14795,11
14796,11
14797,11
14798,11
14799,11
14800,11
14801,11
14802,20
14804,20
14805,6
14806,11
14807,11
14809,6
14810,11
14811,6
14812,15
14814,11
14815,11
14816,11
14817,11
14818,11
14819,15
14820,21
14823,15
14824,15
14825,15
14830,15
14831,20
14832,20
14833,20
14834,20
14835,20
14837,20
14838,30
14839,10
14842,10
14875,25
14876,25
14883,25
14888,25
14889,25
14892,25
14897,25
14898,25
14899,25
14900,20
14901,20
14902,25
14903,25
14906,25
14908,25
14911,25
14914,25
14915,25
14916,25
14921,25
14922,25
14929,25
14931,25
14937,25
14946,25
14950,25
14958,25
14960,24
14961,17.5
14962,17.5
14963,25
14964,7
14969,25
14970,25
14971,25
14973,25
14979,25
14980,18
14981,18
14983,25
14986,25
14987,25
14995,25
14996,25
14997,25
14998,25
14999,25
15000,25
15001,25
15002,25
15003,25
15004,25
15006,25
15007,25
15008,25
15010,25
15012,25
15018,25
15019,25
15020,25
15021,25
15022,25
15023,25
15024,25
15025,25
15026,25
15027,25
15028,25
15029,25
15030,25
15031,25
15032,25
15033,25
15034,25
15035,25
15036,25
15037,25
15038,25
15039,25
15041,25
15042,25
15043,25
15044,25
15045,25
15046,25
15048,25
15049,18
15051,20
15054,20
15055,20
15056,19.5
15057,20
15058,19.5
15067,19
15073,10
15075,19
15076,19
15077,19
15079,25
15080,17
15081,12
15082,19
15083,25
15084,22
15086,22
15087,22
15088,19
15091,19
15092,19
15093,19
15095,21
15096,21
15097,22
15105,19
15106,19
15113,25
15114,25
15115,25
15116,25
15117,25
15118,25
15119,25
15122,25
15123,25
15124,25
15125,25
15127,25
15128,25
15130,30
15155,19
15156,20
15157,20
15158,19
15159,20
15160,20
15162,20
15163,18
15164,18
15166,18
15167,20
15168,20
15169,20
15171,27
15172,15
15173,20
15174,20
15175,20
15176,20
15178,18
15184,18
15185,20
15186,20
15187,18
15188,18
15189,20
15191,20
15193,18
15194,20
15195,18
15196,18
15197,18
15198,20
15200,18
15201,18
15202,18
15203,18
15204,20
15206,20
15207,20
15208,18
15210,20
15211,20
15212,18
15213,20
15214,20
15215,18
15216,18
15217,18
15218,18
15219,18
15221,20
15222,20
15223,20
15224,20
15225,20
15227,17.5
15228,17.5
15229,17.5
15230,17.5
15231,17.5
15232,17.5
15233,20
15235,17.5
15236,17.5
15237,17.5
15238,17.5
15239,17.5
15240,20
15241,17.5
15242,17.5
15243,17.5
15252,18
15253,20
15255,17.5
15256,17.5
15257,20
15258,17.5
15259,17.5
15260,17.5
15261,19
15262,22
15263,18
15264,18
15265,22
15271,7
15272,3
15273,7
15276,20
15278,20
15279,20
15280,20
15281,20
15282,20
15284,25
15287,25
15288,25
15289,25
15290,25
15291,10
15292,17
15296,10
15297,17
15298,25
15299,25
15300,25
15301,25
15302,27
15303,27
15304,25
15305,25
15306,25
15307,25
15308,25
15309,25
15310,25
15311,25
15312,25
15313,25
15314,17
15315,17
15316,17
15317,30
15318,22
15319,17
15320,17
15321,17
15322,18
15323,17
15324,17
15325,17
15326,17
15327,17
15328,17
15329,17
15330,17
15331,17
15332,30
15334,20
15336,30
15337,30
15338,17
15342,22
15343,25
15376,19
15377,18.5
15378,19.5
15379,20
15380,20
15381,19.5
15382,19.5
15383,20
15384,20
15385,19.5
15386,19.5
15387,20
15388,19.5
15389,19.5
15390,19.5
15422,20
15423,19.5
15424,20
15425,20
15426,19.5
15427,19.5
15428,19.5
15429,19.5
15430,19.5
15431,20
15432,20
15433,19.5
15434,20
15437,19.5
15438,19.5
15439,19.5
15440,19.5
15441,19.5
15443,19.5
15444,19.5
15445,19.5
15446,19.5
15448,19.5
15449,19.5
15450,19.5
15451,19.5
15453,19.5
15454,19.5
15456,21.5
15457,19.5
15458,19.5
15459,20
15460,19.5
15461,18.5
15462,18.5
15463,20
15464,22
15465,11.5
15466,11.5
15467,11.5
15468,11.5
15469,11.5
15470,10.5
15471,10.5
15472,10.5
15473,15
15474,10.5
15475,10.5
15478,14
15479,14
15480,15
15481,14
15482,14
15483,15
15484,14
15485,14
15486,14
15487,14
15488,14
15489,14
15490,15
15491,14
15492,14
15493,14
15494,15
15495,14
15496,14
15497,11.5
15500,25
15501,25
15502,25
15503,25
15504,19.5
15505,19.5
15507,20
15509,19.5
15510,19.5
15511,21.5
15514,22
15517,22
15518,22
15519,22
15529,19.5
15530,20
15531,19.5
15534,25
15535,25
15536,24
15538,25
15539,25
15541,25
15544,25
15546,15
15548,25
15549,25
15552,25
15553,25
15554,25
15555,25
15556,25
15557,25
15559,25
15560,25
15561,25
15562,25
15563,30
15564,30
15565,22
15566,20
15567,20
15568,22
15569,22
15570,20
15571,22
15573,25
15574,15
15575,25
15576,20
15577,25
15578,25
15581,22
15582,22
15583,22
15585,25
15586,22
15587,22
15588,22
15589,22
15590,22
15591,22
15592,22
15594,22
15595,22
15596,25
15597,25
15598,25
15599,25
15601,22
15602,22
15603,22
15605,25
15606,25
15607,22
15608,22
15609,22
15610,22
15611,22
15612,22
15613,25
15614,22
15615,25
15616,22
15617,22
15618,22
15619,25
15620,22
15621,25
15622,22
15623,22
15624,22
15625,22
15626,25
15627,25
15628,25
15629,25
15630,22
15631,22
15632,22
15633,22
15634,22
15635,22
15636,25
15637,22
15638,22
15639,22
15640,22
15641,22
15642,22
15643,20
15644,20
15645,20
15646,20
15647,20
15648,25
15649,22
15650,25
15651,24.5
15652,25
15653,25
15654,24.5
15655,24.5
15656,24
15658,24
15659,24
15660,20
15661,24
15662,25
15663,21
15664,19.5
15665,24
15666,25
15667,24
15668,21
15669,19.5
15670,19.5
15671,21
15673,22
15674,22
15675,22
15677,22
15679,19.5
15680,19.5
15681,19.5
15682,22
15683,20
15684,22
15685,22
15687,22
15688,22
15689,22
15690,22
15691,22
15692,22
15693,22
15694,22
15695,22
15696,22
15697,22
15698,22
15699,22
15700,22
15701,20
15702,23.5
15703,18.5
15705,23.5
15706,22
15707,22
15708,20.5
15709,22
15710,18
15711,20.5
15712,18.5
15713,18
15715,3
15717,3
15719,3
15721,5
15722,3
15723,18
15724,22
15726,22
15727,22
15728,22
15730,22
15731,22
15732,22
15733,22
15736,22
15737,22
15738,22
15739,22
15740,22
15741,18
15743,20
15744,22
15745,18
15747,21.5
15748,20
15752,21.5
15753,18
15755,9.5
15756,9.5
15757,22
15758,10
15759,10
15760,10
15761,10
15763,21.5
15765,21.5
15766,21.5
15768,22
15769,20
15770,13.5
15771,20
15772,20
15773,20
15774,20
15775,20
15776,20
15777,20
15778,20
15779,30
15780,30
15781,30
15783,21.5
15784,21.5
15785,21.5
15786,20
15788,20
15789,20
15791,22
15792,20
15793,18
15794,20
15795,18
15796,18
15797,22
15798,20
15800,20
15801,20
15803,20
15804,20
15807,20
15808,20
15810,18
15811,18
15812,18
15813,18
15814,19
15815,18
15816,18
15817,18
15818,18
15819,18
15820,17
15821,22
15822,22
15823,18
15824,19
15825,18
15826,18
15827,23
15828,18
15829,19
15830,19
15831,18.5
15832,10
15834,20
15836,18
15837,18
15838,19
15839,12
15840,12
15841,12
15842,12
15843,12
15844,12
15845,12
15846,12
15847,11
15848,11
15849,20
15851,22
15852,15
15854,15
15855,15
15856,15
15857,15
15858,15
15859,15
15860,15
15861,15
15862,15
15863,15
15864,15
15881,17
15882,17
15885,12
15886,20
15887,20
15888,20
15890,25
15891,25
15892,25
15893,25
15894,19
15895,19
15896,19
15897,17
15900,20
15901,20
15902,17
15905,20
15906,19
15907,19
15908,19
15910,25
15914,20
15915,20
15918,20
15919,22
15920,20
15921,20
15922,20
15923,20
15924,30
15925,20
15926,20
15927,20
15928,20
15929,20
15930,20
15931,20
15933,15
15935,20
15936,10
15941,10
15942,19
15943,25
15944,25
15945,25
15951,25
15952,25
15954,25
15955,19
15956,19
15957,19
15958,19
15959,19
15960,19
15963,17
15964,17
15965,19
15967,19
15969,19
15970,19
15971,19
15972,19
15974,19
15975,19
15977,19
15978,19
15979,19
15980,19
15981,19
15982,19
15984,25
15987,27.5
15989,8
15990,17
15991,17
15992,17
15993,17
15994,17
15995,17
15996,17
15997,17
15998,17
15999,17
16000,17
16001,17
16002,17
16003,22
16004,25
16005,25
16006,25
16007,25
16009,15
16010,25
16011,25
16013,25
16014,15
16015,15
16018,19
16019,27
16020,15
16021,25
16022,25
16023,25
16024,25
16025,25
16026,25
16027,25
16028,25
16029,25
16030,10
16031,22
16032,30
16033,20
16034,20
16035,20
16036,30
16037,30
16038,30
16039,22
16040,30
16041,10
16042,20
16043,20
16044,20
16047,17
16051,17
16052,17
16053,20
16054,22
16055,20
16056,17
16057,17
16058,18
16059,18
16061,18
16062,18
16063,17
16064,17
16065,17
16066,17
16067,17
16068,20
16071,20
16072,20
16073,20
16074,18
16077,17
16078,20
16079,20
16080,20
16082,18
16083,18
16084,18
16085,18
16086,18
16087,18
16088,22
16090,18
16091,18
16093,12
16094,12
16095,12
16096,17
16097,17
16098,17
16099,17
16100,17
16101,17
16102,17
16103,17
16104,17
16105,17
16107,25
16108,25
16111,25
16112,25
16118,20
16119,18
16123,15
16125,22
16126,20
16129,20
16130,18
16136,20
16137,20
16138,20
16139,20
16140,20
16144,20
16154,25
16155,25
16156,22
16158,25
16159,25
16162,25
16163,25
16164,25
16165,25
16166,25
16167,20
16168,20
16169,25
16170,25
16172,25
16174,8
16176,25
16180,22
16182,25
16183,20
16184,25
16185,20
16186,20
16187,15
16188,15
16192,20
16196,22
16197,15
16198,15
16199,15
16200,20
16201,17
16202,17
16211,20
16212,15
16213,15
16214,15
16215,20
16216,20
16217,20
16219,19
16220,18.5
16222,25
16225,20
16227,20
16228,20
16230,25
16232,17
16233,10
16235,22
16236,17
16238,22
16240,20
16241,20
16242,18
16243,20
16244,3
16245,25
16246,22
16247,22
16250,25
16258,7
16259,7
16260,7
16261,7
16262,7
16265,25
16268,25
16272,25
16274,25
16280,3
16281,30
16282,30
16283,17
16284,17
16285,7
16286,7
16287,25
16288,15
16301,20
16303,22
16305,17
16306,17
16307,25
16308,25
16309,25
16311,20
16312,20
16313,20
16314,20
16315,25
16316,25
16317,22
16318,22
16323,20
16324,22
16327,22
16328,22
16331,22
16335,22
16352,22
16353,14
16354,13.5
16355,14
16356,13.5
16357,13
16361,22.5
16362,22.5
16363,23.5
16364,19
16365,23.5
16366,13.5
16367,10
16368,22
16369,15
16370,22
16371,15
16372,11
16374,11
16378,10
16379,15
16381,22
16383,22
16384,22
16385,22
16388,22
16389,22
16390,22
16392,22
16393,22
16394,22
16395,22
16397,22
16398,22
16399,22
16400,22
16401,22
16402,22
16404,22
16438,22
16439,22
16440,22
16441,22
16442,22
16443,22
16444,22
16445,22
16446,22
16447,22
16448,22
16449,22
16452,22
16454,18.5
16455,22
16456,22
16457,22
16458,22
16459,22
16460,22
16461,22
16462,22
16463,13.5
16465,13.5
16466,22
16467,22
16468,22
16469,22
16470,22
16471,22
16473,10
16474,10
16475,11
16477,10
16480,10
16481,10
16484,22
16485,22
16486,22
16488,22
16489,22
16490,22
16491,22
16492,22
16493,22
16494,14
16495,22
16497,22
16498,22
16499,18.5
16500,13.5
16501,13.5
16502,13.5
16503,14
16505,14
16506,22
16508,22
16509,22
16510,22
16511,22
16512,22
16514,22
16515,22
16516,22
16518,20
16519,20
16520,20
16521,20
16522,20
16523,20
16525,20
16527,22
16528,22
16529,22
16530,22
16536,22
16537,22
16538,22
16539,22
16540,22
16541,22
16542,22
16543,22
16544,22
16545,22
16546,22
16547,22
16548,22
16549,22
16550,22
16551,22
16553,22
16554,22
16556,22
16557,22
16558,22
16559,22
16560,22
16561,22
16562,22
16563,22
16564,22
16565,22
16566,25
16568,22
16569,22
16570,22
16572,22
16573,22
16574,22
16576,22
16577,22
16578,22
16580,22
16581,22
16582,22
16583,22
16585,22
16586,22
16587,22
16588,22
16589,22
16590,22
16591,22
16592,22
16593,22
16596,22
16597,18
16601,25
16602,25
16604,22
16605,22
16608,18
16609,18
16611,18
16612,10
16613,10
16614,10
16615,10
16616,10
16617,10
16618,10
16619,10
16620,10
16621,10
16623,22
16624,22
16625,22
16626,22
16627,22
16628,22
16629,15
16630,22
16631,22
16632,22
16633,12
16634,12
16635,12
16636,12
16637,17
16638,20
16639,18
16640,18
16641,18
16642,15
16643,15
16644,15
16645,18
16646,18
16647,18
16648,18
16649,18
16650,18
16651,18
16653,22
16654,22
16655,22
16656,22
16658,20
16662,18
16663,18
16664,18
16665,15
16666,30
16670,18
16671,18
16672,18
16673,18
16674,10
16675,10
16676,10
16677,10
16678,10
16679,10
16680,10
16681,10
16682,10
16683,10
16684,10
16685,10
16686,10
16690,8
16692,18
16696,19.5
16697,19.5
16698,19.5
16699,19.5
16700,19.5
16701,19.5
16702,20
16712,18
16713,18
16714,18
16715,18
16716,15
16718,20
16720,22
16724,15
16730,15
16741,12
16743,12
16750,22
16751,22
16752,22
16759,18
16760,18
16761,18
16764,19.5
16765,15
16766,20
16767,20
16768,20
16770,20
16771,19.5
16772,19.5
16773,19.5
16776,10
16777,15
16781,5
16784,3
16785,15
16786,10
16788,10
16789,22
16790,10
16791,10
16792,10
16793,10
16794,22
16796,18
16797,10
16798,10
16799,10
16800,10
16801,10
16803,22
16804,18
16808,22
16810,19.5
16813,18
16817,18
16823,20
16824,18
16825,22
16826,22
16827,22
16828,22
16829,22
16830,22
16832,25
16833,25
16838,5
16839,20
16844,18
16848,15
16849,15
16851,18
16854,10
16855,10
16856,10
16857,10
16858,10
16859,10
16860,10
16861,10
16862,10
16863,10
16864,10
16866,15
16903,10
16904,10
16905,10
16906,10
16907,10
16908,10
16909,10
16910,10
16911,10
16912,10
16913,10
16914,10
16915,12
16916,12
16917,12
16918,12
16919,12
16920,12
16921,12
16922,12
16923,18
16924,20
16925,12
16926,12
16927,12
16928,12
16929,12
16930,12
16933,17
16934,17
16935,17
16936,17
16937,17
16938,10
16939,10
16940,10
16941,10
16942,10
16943,10
16944,10
16945,20
16946,10
16947,10
16948,10
16949,10
16950,10
16951,10
16953,12
16954,12
16955,12
16956,12
16957,12
16959,12
16960,12
16961,12
16962,15
16963,15
16964,15
16965,15
16966,10
16967,10
16968,10
16969,10
16970,10
16972,25
16973,25
16974,17
16975,20
16976,17
16977,20
16978,15
16979,15
16980,20
16982,15
16983,15
16985,22
16986,22
16987,22
16988,27
16989,27
16990,27
16991,27
16992,27
16993,27
16994,27
16995,27
16997,27
16998,27
16999,27
17000,27
17002,27
17003,27
17005,27
17006,27
17007,27
17008,20
17009,20
17010,15
17012,20
17013,15
17015,20
17016,22
17017,20
17018,20
17019,20
17021,22
17022,22
17023,22
17024,22
17027,15
17029,15
17030,13
17036,20
17037,20
17038,20
17039,20
17040,20
17042,20
17043,20
17045,20
17046,20
17047,20
17049,20
17050,18
17051,18
17053,18
17054,18
17055,22
17059,15
17060,22
17061,22
17062,22
17063,15
17064,22
17065,22
17067,15
17068,15
17076,15
17077,15
17080,15
17083,15
17084,15
17085,22
17086,22
17088,22
17089,22
17090,22
17091,22
17093,22
17094,22
17095,22
17102,10
17104,22
17105,22
17106,22
17107,22
17108,27
17147,22
17148,22
17149,22
17150,22
17151,22
17152,22
17153,22
17154,22
17155,22
17157,25
17159,25
17160,25
17161,25
17162,15
17163,15
17164,22
17165,15
17166,15
17172,15
17173,15
17174,19
17175,15
17176,15
17181,22
17182,22
17184,22
17185,22
17187,22
17193,20
17194,18
17195,20
17196,20
17197,20
17198,18
17199,18
17200,18
17201,20
17202,18
17203,20
17204,20
17205,18
17206,20
17207,20
17208,18
17209,20
17210,18
17211,18
17212,18
17213,18
17215,20
17220,19.5
17221,19
17222,19
17223,19
17224,19
17225,19
17226,20
17227,20
17228,20
17229,19
17230,19
17231,20
17237,10
17238,10
17239,10
17242,15
17243,15
17244,15
17245,10
17246,15
17247,11
17248,1
17257,10
17259,15
17260,10
17261,10
17262,10
17263,10
17264,10
17275,15
17276,15
17277,15
17279,15
17281,7
17282,12
17283,19
17284,22
17286,12
17287,12
17288,20
17289,20
17290,20
17291,25
17292,25
17293,25
17294,25
17295,25
17296,25
17297,25
17298,25
17299,25
17300,25
17301,25
17302,25
17303,25
17304,25
17305,22
17306,23
17307,23
17308,20
17315,20
17316,20
17317,20
17318,20
17319,20
17321,20
17322,20
17323,20
17324,20
17325,20
17326,15
17327,15
17328,15
17329,15
17330,15
17331,15
17332,15
17333,15
17334,10
17336,14.5
17337,14.5
17338,14.5
17343,25
17344,25
17345,25
17346,25
17348,20
17349,20
17350,20
17352,20
17353,20
17354,20
17355,15
17356,20
17360,20
17362,20
17406,8
17407,8
17416,14
17417,14
17418,14
17420,20
17422,19
17423,20.5
17484,15
17485,20
17488,15
17489,15
17490,14
17491,15
17492,14
17493,14
17494,14
17495,14
17496,15
17498,14
17499,12
17500,14
17501,14
17503,14
17504,14
17505,14
17506,15
17507,14
17508,15
17509,14
17511,15
17512,25
17514,15
17515,14
17516,14
17518,14
17519,14
17520,20
17522,18
17524,18
17525,18
17526,18
17527,18
17528,18
17529,18
17530,18
17531,18
17532,18
17533,20
17535,18
17536,25
17537,18
17538,18
17539,18
17540,18
17541,18
17542,18
17543,15
17544,25
17545,15
17546,15
17547,15
17548,18
17549,18
17556,15
17558,18
17559,18
17568,15
17573,20
17574,20
17576,20
17577,20
17612,15
17613,15
17619,15
17620,15
17627,15
17628,15
17630,15
17632,15
17636,15
17639,15
17640,20
17641,20
17649,15
17650,29
17651,15
17652,15
17653,15
17654,15
17655,15
17656,15
17657,15
17663,25
17676,10
17677,20
17678,25
17679,25
17680,25
17681,25
17682,25
17683,25
17684,20
17686,25
17687,20
17689,25
17690,25
17691,25
17692,25
17693,25
17694,25
17695,25
17696,20
17699,25
17700,25
17701,25
17702,25
17703,20
17727,25
17728,15
17729,25
17730,25
17731,25
17761,20
17762,20
17764,18
17765,15
17766,20
17767,19
17768,19
17769,15
17770,20
17771,20
17772,20
17773,20
17775,18
17777,20
17778,20
17779,20
17780,20
17788,20
17789,20
17790,20
17791,20
17804,10
17805,10
17806,10
17807,10
17808,10
17809,10
17810,10
17844,19
17853,18.5
17857,15
17858,15
17859,10
17860,10
17861,10
17862,10
17863,10
17864,10
17865,10
17866,22
17867,15
17868,18
17869,18
17870,15
17972,27
17973,27
17974,27
17975,27
17976,22
17977,22
17978,20
17979,20
17980,20
17981,20
17982,20
17983,20
17984,20
17985,20
17986,20
17987,20
17988,20
17989,20
17990,20
17991,20
17992,25
17993,25
17994,25
17995,25
17996,25
17997,25
17998,25
18000,15
18001,15
18002,15
18003,15
18004,15
18005,15
18006,15
18007,15
18008,15
18010,15
18011,15
18012,15
18013,15
18014,15
18015,15
18016,15
18017,15
18018,15
18019,18
18020,18
18021,18
18022,18
18023,18
18024,18
18025,18
18027,20
18028,20
18029,20
18030,20
18031,20
18032,20
18033,20
18034,20
18035,20
18036,20
18037,20
18039,15
18040,15
18041,15
18042,15
18043,20
18045,20
18046,20
18047,20
18048,20
18049,20
18050,20
18051,20
18053,20
18054,20
18056,20
18057,20
18058,20
18092,22
18093,22
18094,22
18095,22
18096,22
18097,22
18098,22
18099,22
18100,22
18101,22
18102,22
18103,25
18104,25
18105,25
18106,22
18109,25
18110,10
18320,25
18321,25
18322,25
18323,25
18324,25
18325,25
